No,Topik,pertanyaan,jawaban,Pasal Sumber
1,Fakultas,Apa itu fakultas di universitas?,"Fakultas adalah himpunan sumber daya pendukung yang menyelenggarakan dan mengelola pendidikan akademik, vokasi, dan/atau profesi dalam satu atau beberapa bidang ilmu pengetahuan dan teknologi di Universitas.",Pasal 1 ayat (2)
1,Fakultas,Jelaskan pengertian fakultas!,"Fakultas adalah himpunan sumber daya pendukung yang menyelenggarakan dan mengelola pendidikan akademik, vokasi, dan/atau profesi dalam satu atau beberapa bidang ilmu pengetahuan dan teknologi di Universitas.",Pasal 1 ayat (2)
1,Fakultas,Fakultas itu maksudnya apa ya?,"Fakultas adalah himpunan sumber daya pendukung yang menyelenggarakan dan mengelola pendidikan akademik, vokasi, dan/atau profesi dalam satu atau beberapa bidang ilmu pengetahuan dan teknologi di Universitas.",Pasal 1 ayat (2)
1,Fakultas,Apa fungsi utama fakultas di kampus?,"Fakultas adalah himpunan sumber daya pendukung yang menyelenggarakan dan mengelola pendidikan akademik, vokasi, dan/atau profesi dalam satu atau beberapa bidang ilmu pengetahuan dan teknologi di Universitas.",Pasal 1 ayat (2)
2,Jurusan,Apa itu jurusan atau bagian di universitas?,Jurusan atau Bagian merupakan unit di bawah Fakultas yang mengelola sumber daya akademik dalam lingkup bidang ilmu tertentu.,Pasal 1 ayat (3)
2,Jurusan,Jelaskan apa itu jurusan!,Jurusan atau Bagian merupakan unit di bawah Fakultas yang mengelola sumber daya akademik dalam lingkup bidang ilmu tertentu.,Pasal 1 ayat (3)
2,Jurusan,Jurusan itu apa ya?,Jurusan atau Bagian merupakan unit di bawah Fakultas yang mengelola sumber daya akademik dalam lingkup bidang ilmu tertentu.,Pasal 1 ayat (3)
2,Jurusan,Fungsi jurusan di fakultas apa aja?,Jurusan atau Bagian merupakan unit di bawah Fakultas yang mengelola sumber daya akademik dalam lingkup bidang ilmu tertentu.,Pasal 1 ayat (3)
3,Program Studi,Apa itu program studi (prodi)?,"Program Studi (prodi) adalah kesatuan kegiatan pendidikan dan pembelajaran yang memiliki kurikulum serta metode tertentu dalam jenis pendidikan akademik, profesi, atau vokasi.",Pasal 1 ayat (4)
3,Program Studi,Jelaskan pengertian prodi!,"Program Studi (prodi) adalah kesatuan kegiatan pendidikan dan pembelajaran yang memiliki kurikulum serta metode tertentu dalam jenis pendidikan akademik, profesi, atau vokasi.",Pasal 1 ayat (4)
3,Program Studi,Prodi itu apa sih?,"Program Studi (prodi) adalah kesatuan kegiatan pendidikan dan pembelajaran yang memiliki kurikulum serta metode tertentu dalam jenis pendidikan akademik, profesi, atau vokasi.",Pasal 1 ayat (4)
3,Program Studi,Apa yang dimaksud dengan program studi di kampus?,"Program Studi (prodi) adalah kesatuan kegiatan pendidikan dan pembelajaran yang memiliki kurikulum serta metode tertentu dalam jenis pendidikan akademik, profesi, atau vokasi.",Pasal 1 ayat (4)
4,SKS,Apa itu satuan kredit semester (SKS)?,SKS adalah satuan ukuran waktu kegiatan belajar yang dibebankan kepada mahasiswa per minggu per semester dalam berbagai bentuk pembelajaran.,Pasal 1 ayat (5)
4,SKS,Jelaskan arti SKS dalam perkuliahan!,SKS adalah satuan ukuran waktu kegiatan belajar yang dibebankan kepada mahasiswa per minggu per semester dalam berbagai bentuk pembelajaran.,Pasal 1 ayat (5)
4,SKS,SKS itu maksudnya apa ya?,SKS adalah satuan ukuran waktu kegiatan belajar yang dibebankan kepada mahasiswa per minggu per semester dalam berbagai bentuk pembelajaran.,Pasal 1 ayat (5)
4,SKS,Apa fungsi SKS bagi mahasiswa?,SKS adalah satuan ukuran waktu kegiatan belajar yang dibebankan kepada mahasiswa per minggu per semester dalam berbagai bentuk pembelajaran.,Pasal 1 ayat (5)
5,Nilai Kredit,Apa itu nilai kredit?,Nilai kredit adalah ukuran beban studi mahasiswa dan beban mengajar dosen yang dinyatakan dalam bentuk SKS.,Pasal 1 ayat (6)
5,Nilai Kredit,Jelaskan pengertian nilai kredit dalam kuliah!,Nilai kredit adalah ukuran beban studi mahasiswa dan beban mengajar dosen yang dinyatakan dalam bentuk SKS.,Pasal 1 ayat (6)
5,Nilai Kredit,Nilai kredit itu apa sih?,Nilai kredit adalah ukuran beban studi mahasiswa dan beban mengajar dosen yang dinyatakan dalam bentuk SKS.,Pasal 1 ayat (6)
5,Nilai Kredit,Apa hubungan antara nilai kredit dan SKS?,Nilai kredit adalah ukuran beban studi mahasiswa dan beban mengajar dosen yang dinyatakan dalam bentuk SKS.,Pasal 1 ayat (6)
6,LTA,Apa itu Laporan Tugas Akhir (LTA)?,LTA adalah karya tulis ilmiah yang dihasilkan mahasiswa program vokasi sebagai syarat menyelesaikan studi.,Pasal 1 ayat (7)
6,LTA,Laporan Tugas Akhir itu apa ya?,LTA adalah karya tulis ilmiah yang dihasilkan mahasiswa program vokasi sebagai syarat menyelesaikan studi.,Pasal 1 ayat (7)
6,LTA,Jelaskan pengertian LTA dalam program vokasi!,LTA adalah karya tulis ilmiah yang dihasilkan mahasiswa program vokasi sebagai syarat menyelesaikan studi.,Pasal 1 ayat (7)
6,LTA,Apa fungsi LTA bagi mahasiswa vokasi?,LTA adalah karya tulis ilmiah yang dihasilkan mahasiswa program vokasi sebagai syarat menyelesaikan studi.,Pasal 1 ayat (7)
7,Skripsi,Apa itu skripsi?,Skripsi adalah karya tulis ilmiah hasil penelitian mahasiswa program sarjana sebagai syarat kelulusan.,Pasal 1 ayat (8)
7,Skripsi,Jelaskan apa yang dimaksud skripsi mahasiswa!,Skripsi adalah karya tulis ilmiah hasil penelitian mahasiswa program sarjana sebagai syarat kelulusan.,Pasal 1 ayat (8)
7,Skripsi,Skripsi itu tugas akhir apa ya?,Skripsi adalah karya tulis ilmiah hasil penelitian mahasiswa program sarjana sebagai syarat kelulusan.,Pasal 1 ayat (8)
7,Skripsi,Kenapa mahasiswa harus buat skripsi?,Skripsi adalah karya tulis ilmiah hasil penelitian mahasiswa program sarjana sebagai syarat kelulusan.,Pasal 1 ayat (8)
8,Tesis,Apa itu tesis?,Tesis adalah karya tulis ilmiah hasil penelitian mahasiswa program magister sebagai syarat penyelesaian studi.,Pasal 1 ayat (9)
8,Tesis,Tesis itu apa ya?,Tesis adalah karya tulis ilmiah hasil penelitian mahasiswa program magister sebagai syarat penyelesaian studi.,Pasal 1 ayat (9)
8,Tesis,Jelaskan pengertian tesis magister!,Tesis adalah karya tulis ilmiah hasil penelitian mahasiswa program magister sebagai syarat penyelesaian studi.,Pasal 1 ayat (9)
8,Tesis,Apa tujuan pembuatan tesis untuk mahasiswa S2?,Tesis adalah karya tulis ilmiah hasil penelitian mahasiswa program magister sebagai syarat penyelesaian studi.,Pasal 1 ayat (9)
9,Disertasi,Apa itu disertasi?,Disertasi adalah karya tulis ilmiah hasil penelitian mahasiswa program doktor sebagai syarat kelulusan.,Pasal 1 ayat (10)
9,Disertasi,Jelaskan pengertian disertasi!,Disertasi adalah karya tulis ilmiah hasil penelitian mahasiswa program doktor sebagai syarat kelulusan.,Pasal 1 ayat (10)
9,Disertasi,Disertasi itu tugas akhir apa ya?,Disertasi adalah karya tulis ilmiah hasil penelitian mahasiswa program doktor sebagai syarat kelulusan.,Pasal 1 ayat (10)
9,Disertasi,Apa perbedaan disertasi dengan tesis atau skripsi?,Disertasi adalah karya tulis ilmiah hasil penelitian mahasiswa program doktor sebagai syarat kelulusan.,Pasal 1 ayat (10)
10,Capaian Pembelajaran,Apa itu capaian pembelajaran?,"Capaian pembelajaran adalah kemampuan yang diperoleh melalui internalisasi pengetahuan, sikap, keterampilan, kompetensi, dan pengalaman kerja.",Pasal 1 ayat (11)
10,Capaian Pembelajaran,Jelaskan arti capaian pembelajaran mahasiswa!,"Capaian pembelajaran adalah kemampuan yang diperoleh melalui internalisasi pengetahuan, sikap, keterampilan, kompetensi, dan pengalaman kerja.",Pasal 1 ayat (11)
10,Capaian Pembelajaran,Capaian pembelajaran itu apa ya maksudnya?,"Capaian pembelajaran adalah kemampuan yang diperoleh melalui internalisasi pengetahuan, sikap, keterampilan, kompetensi, dan pengalaman kerja.",Pasal 1 ayat (11)
10,Capaian Pembelajaran,Untuk apa capaian pembelajaran ditetapkan?,"Capaian pembelajaran adalah kemampuan yang diperoleh melalui internalisasi pengetahuan, sikap, keterampilan, kompetensi, dan pengalaman kerja.",Pasal 1 ayat (11)
11,Ijazah,Apa itu ijazah?,Ijazah adalah dokumen resmi yang diberikan kepada lulusan pendidikan akademik atau vokasi sebagai pengakuan atas prestasi belajar dan penyelesaian program studi terakreditasi.,Pasal 1 ayat (12)
11,Ijazah,Jelaskan pengertian ijazah!,Ijazah adalah dokumen resmi yang diberikan kepada lulusan pendidikan akademik atau vokasi sebagai pengakuan atas prestasi belajar dan penyelesaian program studi terakreditasi.,Pasal 1 ayat (12)
11,Ijazah,Ijazah itu maksudnya apa ya?,Ijazah adalah dokumen resmi yang diberikan kepada lulusan pendidikan akademik atau vokasi sebagai pengakuan atas prestasi belajar dan penyelesaian program studi terakreditasi.,Pasal 1 ayat (12)
11,Ijazah,Untuk apa ijazah diberikan kepada mahasiswa?,Ijazah adalah dokumen resmi yang diberikan kepada lulusan pendidikan akademik atau vokasi sebagai pengakuan atas prestasi belajar dan penyelesaian program studi terakreditasi.,Pasal 1 ayat (12)
12,Transkrip Akademik,Apa itu transkrip akademik?,Transkrip akademik adalah kumpulan nilai mata kuliah yang telah ditempuh mahasiswa selama studi.,Pasal 1 ayat (13)
12,Transkrip Akademik,Jelaskan pengertian transkrip nilai!,Transkrip akademik adalah kumpulan nilai mata kuliah yang telah ditempuh mahasiswa selama studi.,Pasal 1 ayat (13)
12,Transkrip Akademik,Transkrip akademik itu apa ya?,Transkrip akademik adalah kumpulan nilai mata kuliah yang telah ditempuh mahasiswa selama studi.,Pasal 1 ayat (13)
12,Transkrip Akademik,Apa fungsi transkrip akademik bagi lulusan?,Transkrip akademik adalah kumpulan nilai mata kuliah yang telah ditempuh mahasiswa selama studi.,Pasal 1 ayat (13)
13,SKPI,Apa itu SKPI (Surat Keterangan Pendamping Ijazah)?,SKPI adalah dokumen yang memuat informasi tentang pemenuhan kompetensi lulusan dalam suatu program pendidikan tinggi.,Pasal 1 ayat (14)
13,SKPI,Jelaskan pengertian SKPI!,SKPI adalah dokumen yang memuat informasi tentang pemenuhan kompetensi lulusan dalam suatu program pendidikan tinggi.,Pasal 1 ayat (14)
13,SKPI,SKPI itu gunanya apa ya?,SKPI adalah dokumen yang memuat informasi tentang pemenuhan kompetensi lulusan dalam suatu program pendidikan tinggi.,Pasal 1 ayat (14)
13,SKPI,Apa manfaat SKPI bagi mahasiswa setelah lulus?,SKPI adalah dokumen yang memuat informasi tentang pemenuhan kompetensi lulusan dalam suatu program pendidikan tinggi.,Pasal 1 ayat (14)
14,Fast Track,Apa itu program Jalur Cepat (Fast Track)?,Program Jalur Cepat adalah program percepatan studi bagi mahasiswa berprestasi untuk menyelesaikan jenjang sarjana dan magister dalam waktu lebih singkat.,Pasal 1 ayat (15)
14,Fast Track,Jelaskan pengertian program Fast Track di UNIB!,Program Jalur Cepat adalah program percepatan studi bagi mahasiswa berprestasi untuk menyelesaikan jenjang sarjana dan magister dalam waktu lebih singkat.,Pasal 1 ayat (15)
14,Fast Track,Apa tujuan dari program Jalur Cepat?,Program Jalur Cepat adalah program percepatan studi bagi mahasiswa berprestasi untuk menyelesaikan jenjang sarjana dan magister dalam waktu lebih singkat.,Pasal 1 ayat (15)
14,Fast Track,Siapa yang bisa ikut program Fast Track?,Program Jalur Cepat adalah program percepatan studi bagi mahasiswa berprestasi untuk menyelesaikan jenjang sarjana dan magister dalam waktu lebih singkat.,Pasal 1 ayat (15)
15,Mata Kuliah Alternatif,Apa itu mata kuliah alternatif?,Mata kuliah alternatif adalah mata kuliah yang dapat diambil mahasiswa di luar program studinya.,Pasal 1 ayat (16)
15,Mata Kuliah Alternatif,Jelaskan pengertian mata kuliah alternatif!,Mata kuliah alternatif adalah mata kuliah yang dapat diambil mahasiswa di luar program studinya.,Pasal 1 ayat (16)
15,Mata Kuliah Alternatif,Mata kuliah alternatif itu maksudnya apa?,Mata kuliah alternatif adalah mata kuliah yang dapat diambil mahasiswa di luar program studinya.,Pasal 1 ayat (16)
15,Mata Kuliah Alternatif,Apakah mahasiswa boleh ambil mata kuliah di luar prodi?,Mata kuliah alternatif adalah mata kuliah yang dapat diambil mahasiswa di luar program studinya.,Pasal 1 ayat (16)
16,Blended Learning,Apa itu blended learning?,Blended learning adalah metode pembelajaran yang menggabungkan kegiatan tatap muka di kelas dengan pembelajaran daring tanpa mengurangi kualitas pembelajaran.,Pasal 1 ayat (17)
16,Blended Learning,Jelaskan pengertian blended learning!,Blended learning adalah metode pembelajaran yang menggabungkan kegiatan tatap muka di kelas dengan pembelajaran daring tanpa mengurangi kualitas pembelajaran.,Pasal 1 ayat (17)
16,Blended Learning,Blended learning itu maksudnya apa ya?,Blended learning adalah metode pembelajaran yang menggabungkan kegiatan tatap muka di kelas dengan pembelajaran daring tanpa mengurangi kualitas pembelajaran.,Pasal 1 ayat (17)
16,Blended Learning,Bagaimana konsep pembelajaran blended learning di UNIB?,Blended learning adalah metode pembelajaran yang menggabungkan kegiatan tatap muka di kelas dengan pembelajaran daring tanpa mengurangi kualitas pembelajaran.,Pasal 1 ayat (17)
17,Mata Kuliah,Apa saja bentuk mata kuliah alternatif di UNIB?,"Bentuk pembelajaran mata kuliah alternatif dapat berupa pertukaran mahasiswa, magang, proyek independen, riset, atau kegiatan lain yang ditetapkan oleh program studi.",Pasal 7 ayat (1)
17,Mata Kuliah,Jelaskan contoh bentuk mata kuliah alternatif!,"Bentuk pembelajaran mata kuliah alternatif dapat berupa pertukaran mahasiswa, magang, proyek independen, riset, atau kegiatan lain yang ditetapkan oleh program studi.",Pasal 7 ayat (1)
17,Mata Kuliah,Bentuk mata kuliah alternatif itu apa aja sih?,"Bentuk pembelajaran mata kuliah alternatif dapat berupa pertukaran mahasiswa, magang, proyek independen, riset, atau kegiatan lain yang ditetapkan oleh program studi.",Pasal 7 ayat (1)
17,Mata Kuliah,Mahasiswa bisa ambil kegiatan apa sebagai mata kuliah alternatif?,"Bentuk pembelajaran mata kuliah alternatif dapat berupa pertukaran mahasiswa, magang, proyek independen, riset, atau kegiatan lain yang ditetapkan oleh program studi.",Pasal 7 ayat (1)
18,SKS Kuliah,Berapa lama satu SKS pada pembelajaran berupa kuliah?,"Satu SKS pada perkuliahan terdiri dari 50 menit tatap muka, 60 menit kegiatan terstruktur, dan 60 menit kegiatan mandiri setiap minggu selama satu semester.",Pasal 9 ayat (2)
18,SKS Kuliah,Jelaskan berapa waktu untuk 1 SKS kuliah!,"Satu SKS pada perkuliahan terdiri dari 50 menit tatap muka, 60 menit kegiatan terstruktur, dan 60 menit kegiatan mandiri setiap minggu selama satu semester.",Pasal 9 ayat (2)
18,SKS Kuliah,Satu SKS kuliah itu berapa jam?,"Satu SKS pada perkuliahan terdiri dari 50 menit tatap muka, 60 menit kegiatan terstruktur, dan 60 menit kegiatan mandiri setiap minggu selama satu semester.",Pasal 9 ayat (2)
18,SKS Kuliah,"Dalam seminggu, berapa lama durasi satu SKS kuliah?","Satu SKS pada perkuliahan terdiri dari 50 menit tatap muka, 60 menit kegiatan terstruktur, dan 60 menit kegiatan mandiri setiap minggu selama satu semester.",Pasal 9 ayat (2)
19,SKS Praktikum,Berapa lama satu SKS pada pembelajaran praktikum?,Satu SKS pada praktikum atau kerja lapangan setara dengan 170 menit kegiatan setiap minggu selama satu semester.,Pasal 9 ayat (3)
19,SKS Praktikum,Jelaskan berapa waktu satu SKS praktikum!,Satu SKS pada praktikum atau kerja lapangan setara dengan 170 menit kegiatan setiap minggu selama satu semester.,Pasal 9 ayat (3)
19,SKS Praktikum,Satu SKS praktikum itu berapa jam per minggu?,Satu SKS pada praktikum atau kerja lapangan setara dengan 170 menit kegiatan setiap minggu selama satu semester.,Pasal 9 ayat (3)
19,SKS Praktikum,Apa perbedaan waktu antara SKS kuliah dan praktikum?,Satu SKS pada praktikum atau kerja lapangan setara dengan 170 menit kegiatan setiap minggu selama satu semester.,Pasal 9 ayat (3)
20,Beban Studi,Apa yang dimaksud dengan beban studi mahasiswa?,"Beban studi mahasiswa ditentukan berdasarkan kurikulum program studi, dengan jumlah SKS yang dapat diambil disesuaikan dengan IP semester sebelumnya.",Pasal 10 ayat (1–2)
20,Beban Studi,Jelaskan pengertian beban studi mahasiswa!,"Beban studi mahasiswa ditentukan berdasarkan kurikulum program studi, dengan jumlah SKS yang dapat diambil disesuaikan dengan IP semester sebelumnya.",Pasal 10 ayat (1–2)
20,Beban Studi,Beban studi itu apa ya maksudnya?,"Beban studi mahasiswa ditentukan berdasarkan kurikulum program studi, dengan jumlah SKS yang dapat diambil disesuaikan dengan IP semester sebelumnya.",Pasal 10 ayat (1–2)
20,Beban Studi,Apa yang memengaruhi jumlah SKS yang bisa diambil mahasiswa?,"Beban studi mahasiswa ditentukan berdasarkan kurikulum program studi, dengan jumlah SKS yang dapat diambil disesuaikan dengan IP semester sebelumnya.",Pasal 10 ayat (1–2)
21,Masa Studi,Berapa lama masa kuliah untuk program vokasi diploma tiga?,"Program vokasi Diploma Tiga memiliki beban studi 108–120 SKS, ditempuh minimal dalam 5 semester dan maksimal 10 semester.",Pasal 10 ayat (3)
21,Masa Studi,Lama kuliah D3 di UNIB berapa semester?,"Program vokasi Diploma Tiga memiliki beban studi 108–120 SKS, ditempuh minimal dalam 5 semester dan maksimal 10 semester.",Pasal 10 ayat (3)
21,Masa Studi,Berapa SKS dan durasi studi untuk diploma tiga?,"Program vokasi Diploma Tiga memiliki beban studi 108–120 SKS, ditempuh minimal dalam 5 semester dan maksimal 10 semester.",Pasal 10 ayat (3)
21,Masa Studi,Berapa lama waktu penyelesaian kuliah D3?,"Program vokasi Diploma Tiga memiliki beban studi 108–120 SKS, ditempuh minimal dalam 5 semester dan maksimal 10 semester.",Pasal 10 ayat (3)
22,Masa Studi,Berapa lama masa kuliah untuk program vokasi diploma empat?,"Program vokasi Diploma Empat memiliki beban studi 144–160 SKS, ditempuh minimal dalam 7 semester dan maksimal 14 semester.",Pasal 10 ayat (4)
22,Masa Studi,Lama studi untuk D4 berapa semester?,"Program vokasi Diploma Empat memiliki beban studi 144–160 SKS, ditempuh minimal dalam 7 semester dan maksimal 14 semester.",Pasal 10 ayat (4)
22,Masa Studi,Berapa total SKS dan durasi kuliah untuk program D4?,"Program vokasi Diploma Empat memiliki beban studi 144–160 SKS, ditempuh minimal dalam 7 semester dan maksimal 14 semester.",Pasal 10 ayat (4)
22,Masa Studi,Butuh waktu berapa lama untuk lulus dari D4?,"Program vokasi Diploma Empat memiliki beban studi 144–160 SKS, ditempuh minimal dalam 7 semester dan maksimal 14 semester.",Pasal 10 ayat (4)
23,Masa Studi,Berapa lama masa kuliah untuk program sarjana?,Program sarjana memiliki beban studi 144–160 SKS dan dapat ditempuh dalam waktu minimal 7 semester dan maksimal 14 semester.,Pasal 10 ayat (5)
23,Masa Studi,Lama studi untuk S1 berapa semester?,Program sarjana memiliki beban studi 144–160 SKS dan dapat ditempuh dalam waktu minimal 7 semester dan maksimal 14 semester.,Pasal 10 ayat (5)
23,Masa Studi,Berapa total SKS dan durasi kuliah untuk sarjana?,Program sarjana memiliki beban studi 144–160 SKS dan dapat ditempuh dalam waktu minimal 7 semester dan maksimal 14 semester.,Pasal 10 ayat (5)
23,Masa Studi,Kira-kira berapa tahun kuliah S1 di UNIB?,Program sarjana memiliki beban studi 144–160 SKS dan dapat ditempuh dalam waktu minimal 7 semester dan maksimal 14 semester.,Pasal 10 ayat (5)
24,Masa Studi,Bagaimana jika mahasiswa tidak dapat menyelesaikan studi dalam batas waktu maksimal?,Mahasiswa yang tidak dapat menyelesaikan studinya dalam batas waktu maksimal akan dinyatakan Drop Out (DO) berdasarkan Surat Keputusan Rektor.,Pasal 10 ayat (9)
24,Masa Studi,Apa yang terjadi kalau mahasiswa melebihi batas waktu kuliah?,Mahasiswa yang tidak dapat menyelesaikan studinya dalam batas waktu maksimal akan dinyatakan Drop Out (DO) berdasarkan Surat Keputusan Rektor.,Pasal 10 ayat (9)
24,Masa Studi,Jika kuliah lebih dari 14 semester apakah masih bisa lanjut?,Mahasiswa yang tidak dapat menyelesaikan studinya dalam batas waktu maksimal akan dinyatakan Drop Out (DO) berdasarkan Surat Keputusan Rektor.,Pasal 10 ayat (9)
24,Masa Studi,Apakah mahasiswa bisa DO jika terlalu lama kuliah?,Mahasiswa yang tidak dapat menyelesaikan studinya dalam batas waktu maksimal akan dinyatakan Drop Out (DO) berdasarkan Surat Keputusan Rektor.,Pasal 10 ayat (9)
25,Transfer Kredit,Mata kuliah apa yang bisa diakui melalui transfer kredit?,"Mata kuliah yang bisa ditransfer adalah yang berasal dari program pertukaran mahasiswa, double degree, joint degree, atau bentuk kegiatan lain yang diakui oleh universitas.",Pasal 11 ayat (2)
25,Transfer Kredit,Jenis mata kuliah apa yang bisa di-transfer?,"Mata kuliah yang bisa ditransfer adalah yang berasal dari program pertukaran mahasiswa, double degree, joint degree, atau bentuk kegiatan lain yang diakui oleh universitas.",Pasal 11 ayat (2)
25,Transfer Kredit,Apa saja kegiatan yang bisa dapat pengakuan transfer kredit?,"Mata kuliah yang bisa ditransfer adalah yang berasal dari program pertukaran mahasiswa, double degree, joint degree, atau bentuk kegiatan lain yang diakui oleh universitas.",Pasal 11 ayat (2)
25,Transfer Kredit,Transfer kredit itu berlaku untuk mata kuliah apa aja?,"Mata kuliah yang bisa ditransfer adalah yang berasal dari program pertukaran mahasiswa, double degree, joint degree, atau bentuk kegiatan lain yang diakui oleh universitas.",Pasal 11 ayat (2)
26,Transfer Kredit,Apa syarat mata kuliah yang bisa di-transfer kreditkan?,"Mata kuliah yang dapat ditransfer harus memiliki kesetaraan materi, mendukung capaian pembelajaran, dan berasal dari program studi terakreditasi.",Pasal 11 ayat (3)
26,Transfer Kredit,Syarat agar mata kuliah bisa diakui lewat transfer kredit apa aja?,"Mata kuliah yang dapat ditransfer harus memiliki kesetaraan materi, mendukung capaian pembelajaran, dan berasal dari program studi terakreditasi.",Pasal 11 ayat (3)
26,Transfer Kredit,Mata kuliah bisa di-transfer kalau memenuhi apa?,"Mata kuliah yang dapat ditransfer harus memiliki kesetaraan materi, mendukung capaian pembelajaran, dan berasal dari program studi terakreditasi.",Pasal 11 ayat (3)
26,Transfer Kredit,Apa ketentuan transfer kredit di UNIB?,"Mata kuliah yang dapat ditransfer harus memiliki kesetaraan materi, mendukung capaian pembelajaran, dan berasal dari program studi terakreditasi.",Pasal 11 ayat (3)
27,Transfer Kredit,Berapa jumlah beban studi yang dapat diakui melalui transfer kredit?,Jumlah SKS yang dapat diakui melalui transfer kredit ditetapkan oleh universitas sesuai kesetaraan capaian pembelajaran.,Pasal 11 ayat (4)
27,Transfer Kredit,Maksimal berapa SKS yang bisa ditransfer?,Jumlah SKS yang dapat diakui melalui transfer kredit ditetapkan oleh universitas sesuai kesetaraan capaian pembelajaran.,Pasal 11 ayat (4)
27,Transfer Kredit,Berapa banyak SKS yang bisa diakui lewat transfer kredit?,Jumlah SKS yang dapat diakui melalui transfer kredit ditetapkan oleh universitas sesuai kesetaraan capaian pembelajaran.,Pasal 11 ayat (4)
27,Transfer Kredit,Siapa yang menentukan jumlah SKS hasil transfer kredit?,Jumlah SKS yang dapat diakui melalui transfer kredit ditetapkan oleh universitas sesuai kesetaraan capaian pembelajaran.,Pasal 11 ayat (4)
28,Pendaftaran,Bagaimana prosedur pendaftaran mahasiswa baru?,Pendaftaran mahasiswa dilakukan sesuai jadwal dan ketentuan yang ditetapkan oleh universitas melalui jalur seleksi nasional atau mandiri.,Pasal 18
28,Pendaftaran,Bagaimana cara daftar kuliah di UNIB?,Pendaftaran mahasiswa dilakukan sesuai jadwal dan ketentuan yang ditetapkan oleh universitas melalui jalur seleksi nasional atau mandiri.,Pasal 18
28,Pendaftaran,Lewat mana pendaftaran mahasiswa baru dilakukan?,Pendaftaran mahasiswa dilakukan sesuai jadwal dan ketentuan yang ditetapkan oleh universitas melalui jalur seleksi nasional atau mandiri.,Pasal 18
28,Pendaftaran,Jalur apa saja yang tersedia untuk mendaftar ke UNIB?,Pendaftaran mahasiswa dilakukan sesuai jadwal dan ketentuan yang ditetapkan oleh universitas melalui jalur seleksi nasional atau mandiri.,Pasal 18
29,Registrasi,Apa yang terjadi jika mahasiswa tidak terdaftar selama satu atau dua semester?,Mahasiswa yang tidak melakukan registrasi selama dua semester berturut-turut tanpa izin akan dinyatakan kehilangan statusnya sebagai mahasiswa aktif.,Pasal 19 ayat (4)
29,Registrasi,Bagaimana kalau mahasiswa tidak daftar ulang selama dua semester?,Mahasiswa yang tidak melakukan registrasi selama dua semester berturut-turut tanpa izin akan dinyatakan kehilangan statusnya sebagai mahasiswa aktif.,Pasal 19 ayat (4)
29,Registrasi,Apakah status mahasiswa hilang kalau tidak registrasi dua semester?,Mahasiswa yang tidak melakukan registrasi selama dua semester berturut-turut tanpa izin akan dinyatakan kehilangan statusnya sebagai mahasiswa aktif.,Pasal 19 ayat (4)
29,Registrasi,Apa akibat tidak registrasi ulang di kampus?,Mahasiswa yang tidak melakukan registrasi selama dua semester berturut-turut tanpa izin akan dinyatakan kehilangan statusnya sebagai mahasiswa aktif.,Pasal 19 ayat (4)
30,Cuti Akademik,Apa syarat untuk mengajukan cuti akademik?,"Mahasiswa dapat mengajukan cuti akademik dengan surat permohonan yang disetujui oleh Ketua Jurusan/Koordinator Prodi dan Dekan, serta disahkan oleh Rektor.",Pasal 19 ayat (1–2)
30,Cuti Akademik,Bagaimana cara mengajukan cuti kuliah di UNIB?,"Mahasiswa dapat mengajukan cuti akademik dengan surat permohonan yang disetujui oleh Ketua Jurusan/Koordinator Prodi dan Dekan, serta disahkan oleh Rektor.",Pasal 19 ayat (1–2)
30,Cuti Akademik,Syarat mahasiswa untuk bisa cuti kuliah apa aja?,"Mahasiswa dapat mengajukan cuti akademik dengan surat permohonan yang disetujui oleh Ketua Jurusan/Koordinator Prodi dan Dekan, serta disahkan oleh Rektor.",Pasal 19 ayat (1–2)
30,Cuti Akademik,Apakah mahasiswa bisa cuti lebih dari satu semester?,"Mahasiswa dapat mengajukan cuti akademik dengan surat permohonan yang disetujui oleh Ketua Jurusan/Koordinator Prodi dan Dekan, serta disahkan oleh Rektor.",Pasal 19 ayat (1–2)
31,Cuti Akademik,"Setelah cuti, berapa jumlah mata kuliah yang bisa diambil mahasiswa?","Setelah masa cuti berakhir, mahasiswa dapat mengambil mata kuliah sesuai beban studi maksimal berdasarkan IPS terakhir sebelum cuti.",Pasal 19 ayat (5)
31,Cuti Akademik,"Setelah cuti, mahasiswa boleh ambil berapa SKS?","Setelah masa cuti berakhir, mahasiswa dapat mengambil mata kuliah sesuai beban studi maksimal berdasarkan IPS terakhir sebelum cuti.",Pasal 19 ayat (5)
31,Cuti Akademik,Berapa batas SKS setelah mahasiswa kembali dari cuti?,"Setelah masa cuti berakhir, mahasiswa dapat mengambil mata kuliah sesuai beban studi maksimal berdasarkan IPS terakhir sebelum cuti.",Pasal 19 ayat (5)
31,Cuti Akademik,"Setelah cuti kuliah, apakah beban studi mahasiswa dibatasi?","Setelah masa cuti berakhir, mahasiswa dapat mengambil mata kuliah sesuai beban studi maksimal berdasarkan IPS terakhir sebelum cuti.",Pasal 19 ayat (5)
32,Perpindahan Prodi,Apa syarat perpindahan antar program studi di lingkungan UNIB?,Mahasiswa dapat pindah antar program studi dalam lingkungan UNIB dengan alasan akademik atau non-akademik yang dapat dipertanggungjawabkan dan mendapat persetujuan dari pimpinan fakultas terkait.,Pasal 22 ayat (1–3)
32,Perpindahan Prodi,Bagaimana cara pindah prodi di UNIB?,Mahasiswa dapat pindah antar program studi dalam lingkungan UNIB dengan alasan akademik atau non-akademik yang dapat dipertanggungjawabkan dan mendapat persetujuan dari pimpinan fakultas terkait.,Pasal 22 ayat (1–3)
32,Perpindahan Prodi,Apa saja ketentuan untuk berpindah program studi?,Mahasiswa dapat pindah antar program studi dalam lingkungan UNIB dengan alasan akademik atau non-akademik yang dapat dipertanggungjawabkan dan mendapat persetujuan dari pimpinan fakultas terkait.,Pasal 22 ayat (1–3)
32,Perpindahan Prodi,Mahasiswa bisa pindah jurusan nggak sih?,Mahasiswa dapat pindah antar program studi dalam lingkungan UNIB dengan alasan akademik atau non-akademik yang dapat dipertanggungjawabkan dan mendapat persetujuan dari pimpinan fakultas terkait.,Pasal 22 ayat (1–3)
33,SKS,Berapa beban SKS yang dapat diambil mahasiswa berdasarkan IPS?,Jumlah SKS yang dapat diambil mahasiswa pada semester berikutnya ditentukan berdasarkan Indeks Prestasi Semester (IPS) sebelumnya sesuai aturan akademik universitas.,Pasal 23 ayat (1)
33,SKS,Banyaknya SKS tergantung dari apa?,Jumlah SKS yang dapat diambil mahasiswa pada semester berikutnya ditentukan berdasarkan Indeks Prestasi Semester (IPS) sebelumnya sesuai aturan akademik universitas.,Pasal 23 ayat (1)
33,SKS,Apa hubungan IPS dengan jumlah SKS yang bisa diambil?,Jumlah SKS yang dapat diambil mahasiswa pada semester berikutnya ditentukan berdasarkan Indeks Prestasi Semester (IPS) sebelumnya sesuai aturan akademik universitas.,Pasal 23 ayat (1)
33,SKS,Bagaimana menentukan jumlah SKS yang boleh diambil mahasiswa?,Jumlah SKS yang dapat diambil mahasiswa pada semester berikutnya ditentukan berdasarkan Indeks Prestasi Semester (IPS) sebelumnya sesuai aturan akademik universitas.,Pasal 23 ayat (1)
34,KRS,Bagaimana proses pengisian KRS?,"Pengisian KRS dilakukan secara daring sesuai jadwal akademik, dibimbing dan disetujui oleh dosen pembimbing akademik.",Pasal 24 ayat (1–3)
34,KRS,Bagaimana cara isi KRS di UNIB?,"Pengisian KRS dilakukan secara daring sesuai jadwal akademik, dibimbing dan disetujui oleh dosen pembimbing akademik.",Pasal 24 ayat (1–3)
34,KRS,Kapan waktu pengisian KRS dilakukan?,"Pengisian KRS dilakukan secara daring sesuai jadwal akademik, dibimbing dan disetujui oleh dosen pembimbing akademik.",Pasal 24 ayat (1–3)
34,KRS,Siapa yang menyetujui KRS mahasiswa?,"Pengisian KRS dilakukan secara daring sesuai jadwal akademik, dibimbing dan disetujui oleh dosen pembimbing akademik.",Pasal 24 ayat (1–3)
35,SKS,Berapa jumlah SKS untuk mahasiswa semester 1 dan 2?,"Pada semester pertama dan kedua, jumlah SKS yang diambil mahasiswa mengikuti paket kurikulum yang telah ditentukan oleh program studi.",Pasal 23 ayat (2)
35,SKS,Mahasiswa semester awal boleh ambil berapa SKS?,"Pada semester pertama dan kedua, jumlah SKS yang diambil mahasiswa mengikuti paket kurikulum yang telah ditentukan oleh program studi.",Pasal 23 ayat (2)
35,SKS,Kenapa SKS semester 1 dan 2 itu sudah ditentukan?,"Pada semester pertama dan kedua, jumlah SKS yang diambil mahasiswa mengikuti paket kurikulum yang telah ditentukan oleh program studi.",Pasal 23 ayat (2)
35,SKS,Apakah mahasiswa baru boleh ubah paket SKS semester pertama?,"Pada semester pertama dan kedua, jumlah SKS yang diambil mahasiswa mengikuti paket kurikulum yang telah ditentukan oleh program studi.",Pasal 23 ayat (2)
36,KRS,Bagaimana jika dosen pembimbing akademik tidak bisa menyetujui KRS?,"Jika dosen pembimbing akademik berhalangan, persetujuan KRS dapat diberikan oleh pejabat yang ditunjuk oleh Ketua Jurusan atau Koordinator Program Studi.",Pasal 24 ayat (4)
36,KRS,Kalau dosen PA nggak bisa tanda tangan KRS gimana?,"Jika dosen pembimbing akademik berhalangan, persetujuan KRS dapat diberikan oleh pejabat yang ditunjuk oleh Ketua Jurusan atau Koordinator Program Studi.",Pasal 24 ayat (4)
36,KRS,Siapa yang bisa menyetujui KRS kalau PA berhalangan?,"Jika dosen pembimbing akademik berhalangan, persetujuan KRS dapat diberikan oleh pejabat yang ditunjuk oleh Ketua Jurusan atau Koordinator Program Studi.",Pasal 24 ayat (4)
36,KRS,Apa solusi kalau KRS belum disetujui pembimbing akademik?,"Jika dosen pembimbing akademik berhalangan, persetujuan KRS dapat diberikan oleh pejabat yang ditunjuk oleh Ketua Jurusan atau Koordinator Program Studi.",Pasal 24 ayat (4)
37,KRS,Apa yang terjadi jika mahasiswa lupa mengisi KRS atau tidak disetujui PA?,Mahasiswa yang tidak mengisi KRS atau tidak mendapat persetujuan PA dianggap tidak mengikuti kegiatan akademik pada semester tersebut.,Pasal 24 ayat (5)
37,KRS,Apa akibat jika mahasiswa tidak isi KRS?,Mahasiswa yang tidak mengisi KRS atau tidak mendapat persetujuan PA dianggap tidak mengikuti kegiatan akademik pada semester tersebut.,Pasal 24 ayat (5)
37,KRS,Kalau KRS belum disetujui PA apakah tetap bisa kuliah?,Mahasiswa yang tidak mengisi KRS atau tidak mendapat persetujuan PA dianggap tidak mengikuti kegiatan akademik pada semester tersebut.,Pasal 24 ayat (5)
37,KRS,"Lupa isi KRS, apa yang harus dilakukan?",Mahasiswa yang tidak mengisi KRS atau tidak mendapat persetujuan PA dianggap tidak mengikuti kegiatan akademik pada semester tersebut.,Pasal 24 ayat (5)
38,Perubahan Rencana Studi,Apa yang dimaksud dengan perubahan rencana studi?,Perubahan rencana studi adalah proses revisi mata kuliah yang telah diambil dalam KRS karena alasan akademik yang disetujui pembimbing akademik.,Pasal 25 ayat (1)
38,Perubahan Rencana Studi,Apa itu revisi KRS?,Perubahan rencana studi adalah proses revisi mata kuliah yang telah diambil dalam KRS karena alasan akademik yang disetujui pembimbing akademik.,Pasal 25 ayat (1)
38,Perubahan Rencana Studi,Kapan mahasiswa boleh ubah rencana studi?,Perubahan rencana studi adalah proses revisi mata kuliah yang telah diambil dalam KRS karena alasan akademik yang disetujui pembimbing akademik.,Pasal 25 ayat (1)
38,Perubahan Rencana Studi,Kenapa mahasiswa bisa ubah mata kuliah di KRS?,Perubahan rencana studi adalah proses revisi mata kuliah yang telah diambil dalam KRS karena alasan akademik yang disetujui pembimbing akademik.,Pasal 25 ayat (1)
39,Perubahan Rencana Studi,Kapan perubahan rencana studi bisa dilakukan?,Perubahan rencana studi hanya dapat dilakukan pada waktu yang telah dijadwalkan dalam kalender akademik universitas.,Pasal 25 ayat (2)
39,Perubahan Rencana Studi,Jadwal ubah KRS dilakukan kapan?,Perubahan rencana studi hanya dapat dilakukan pada waktu yang telah dijadwalkan dalam kalender akademik universitas.,Pasal 25 ayat (2)
39,Perubahan Rencana Studi,Batas waktu perubahan rencana studi itu kapan?,Perubahan rencana studi hanya dapat dilakukan pada waktu yang telah dijadwalkan dalam kalender akademik universitas.,Pasal 25 ayat (2)
39,Perubahan Rencana Studi,Apakah bisa ubah KRS di luar jadwal?,Perubahan rencana studi hanya dapat dilakukan pada waktu yang telah dijadwalkan dalam kalender akademik universitas.,Pasal 25 ayat (2)
40,Pembimbing Akademik,Apa itu pembimbing akademik (PA)?,Pembimbing Akademik adalah dosen yang ditugaskan untuk memberikan bimbingan akademik kepada mahasiswa dalam perencanaan studi dan pengembangan karier.,Pasal 26 ayat (1)
40,Pembimbing Akademik,Siapa yang disebut pembimbing akademik di UNIB?,Pembimbing Akademik adalah dosen yang ditugaskan untuk memberikan bimbingan akademik kepada mahasiswa dalam perencanaan studi dan pengembangan karier.,Pasal 26 ayat (1)
40,Pembimbing Akademik,Apa tugas dari pembimbing akademik mahasiswa?,Pembimbing Akademik adalah dosen yang ditugaskan untuk memberikan bimbingan akademik kepada mahasiswa dalam perencanaan studi dan pengembangan karier.,Pasal 26 ayat (1)
40,Pembimbing Akademik,Untuk apa mahasiswa punya pembimbing akademik?,Pembimbing Akademik adalah dosen yang ditugaskan untuk memberikan bimbingan akademik kepada mahasiswa dalam perencanaan studi dan pengembangan karier.,Pasal 26 ayat (1)
41,Tugas PA,Apa tugas pembimbing akademik?,"Pembimbing akademik bertugas membimbing mahasiswa dalam penyusunan rencana studi, memberikan arahan akademik, serta membantu menyelesaikan permasalahan akademik mahasiswa.",Pasal 26 ayat (2)
41,Tugas PA,Jelaskan peran dosen pembimbing akademik!,"Pembimbing akademik bertugas membimbing mahasiswa dalam penyusunan rencana studi, memberikan arahan akademik, serta membantu menyelesaikan permasalahan akademik mahasiswa.",Pasal 26 ayat (2)
41,Tugas PA,Apa tanggung jawab pembimbing akademik terhadap mahasiswa?,"Pembimbing akademik bertugas membimbing mahasiswa dalam penyusunan rencana studi, memberikan arahan akademik, serta membantu menyelesaikan permasalahan akademik mahasiswa.",Pasal 26 ayat (2)
41,Tugas PA,Pembimbing akademik biasanya bantu mahasiswa dalam hal apa?,"Pembimbing akademik bertugas membimbing mahasiswa dalam penyusunan rencana studi, memberikan arahan akademik, serta membantu menyelesaikan permasalahan akademik mahasiswa.",Pasal 26 ayat (2)
42,KAS,Apa itu KAS (Kuliah Antar Semester)?,Kuliah Antar Semester (KAS) adalah kegiatan perkuliahan yang dilaksanakan di luar jadwal semester reguler untuk mempercepat penyelesaian studi atau memperbaiki nilai.,Pasal 27 ayat (1)
42,KAS,Jelaskan pengertian kuliah antar semester!,Kuliah Antar Semester (KAS) adalah kegiatan perkuliahan yang dilaksanakan di luar jadwal semester reguler untuk mempercepat penyelesaian studi atau memperbaiki nilai.,Pasal 27 ayat (1)
42,KAS,KAS itu maksudnya apa ya?,Kuliah Antar Semester (KAS) adalah kegiatan perkuliahan yang dilaksanakan di luar jadwal semester reguler untuk mempercepat penyelesaian studi atau memperbaiki nilai.,Pasal 27 ayat (1)
42,KAS,Untuk apa kuliah antar semester diselenggarakan?,Kuliah Antar Semester (KAS) adalah kegiatan perkuliahan yang dilaksanakan di luar jadwal semester reguler untuk mempercepat penyelesaian studi atau memperbaiki nilai.,Pasal 27 ayat (1)
43,KAS,Berapa lama KAS dilaksanakan?,"KAS dilaksanakan paling lama selama dua bulan, menyesuaikan kalender akademik yang ditetapkan universitas.",Pasal 27 ayat (3)
43,KAS,Durasi pelaksanaan KAS berapa lama?,"KAS dilaksanakan paling lama selama dua bulan, menyesuaikan kalender akademik yang ditetapkan universitas.",Pasal 27 ayat (3)
43,KAS,Berapa bulan KAS biasanya diadakan?,"KAS dilaksanakan paling lama selama dua bulan, menyesuaikan kalender akademik yang ditetapkan universitas.",Pasal 27 ayat (3)
43,KAS,KAS berlangsung selama berapa minggu?,"KAS dilaksanakan paling lama selama dua bulan, menyesuaikan kalender akademik yang ditetapkan universitas.",Pasal 27 ayat (3)
44,KAS,Apa syarat untuk bisa mengikuti KAS?,Mahasiswa dapat mengikuti KAS apabila telah menempuh mata kuliah yang sama sebelumnya dan memperoleh nilai tidak lulus atau ingin memperbaiki nilai.,Pasal 27 ayat (4)
44,KAS,Syarat ikut kuliah antar semester apa aja?,Mahasiswa dapat mengikuti KAS apabila telah menempuh mata kuliah yang sama sebelumnya dan memperoleh nilai tidak lulus atau ingin memperbaiki nilai.,Pasal 27 ayat (4)
44,KAS,Mahasiswa yang boleh ikut KAS itu siapa aja?,Mahasiswa dapat mengikuti KAS apabila telah menempuh mata kuliah yang sama sebelumnya dan memperoleh nilai tidak lulus atau ingin memperbaiki nilai.,Pasal 27 ayat (4)
44,KAS,Apakah KAS hanya untuk yang nilainya jelek?,Mahasiswa dapat mengikuti KAS apabila telah menempuh mata kuliah yang sama sebelumnya dan memperoleh nilai tidak lulus atau ingin memperbaiki nilai.,Pasal 27 ayat (4)
45,KAS,Berapa SKS yang dapat diambil pada KAS?,Jumlah SKS yang dapat diambil pada kegiatan KAS maksimal 9 SKS.,Pasal 27 ayat (5)
45,KAS,Mahasiswa boleh ambil berapa SKS saat KAS?,Jumlah SKS yang dapat diambil pada kegiatan KAS maksimal 9 SKS.,Pasal 27 ayat (5)
45,KAS,Batas maksimum SKS kuliah antar semester berapa?,Jumlah SKS yang dapat diambil pada kegiatan KAS maksimal 9 SKS.,Pasal 27 ayat (5)
45,KAS,Apakah ada batas SKS untuk KAS?,Jumlah SKS yang dapat diambil pada kegiatan KAS maksimal 9 SKS.,Pasal 27 ayat (5)
46,KAS,Bagaimana proses pendaftaran KAS?,Pendaftaran KAS dilakukan sesuai jadwal akademik dengan mengisi formulir dan mendapat persetujuan dari dosen pembimbing akademik.,Pasal 27 ayat (2)
46,KAS,Bagaimana cara daftar kuliah antar semester?,Pendaftaran KAS dilakukan sesuai jadwal akademik dengan mengisi formulir dan mendapat persetujuan dari dosen pembimbing akademik.,Pasal 27 ayat (2)
46,KAS,Apa langkah-langkah pendaftaran KAS di UNIB?,Pendaftaran KAS dilakukan sesuai jadwal akademik dengan mengisi formulir dan mendapat persetujuan dari dosen pembimbing akademik.,Pasal 27 ayat (2)
46,KAS,Kapan waktu pendaftaran KAS dibuka?,Pendaftaran KAS dilakukan sesuai jadwal akademik dengan mengisi formulir dan mendapat persetujuan dari dosen pembimbing akademik.,Pasal 27 ayat (2)
47,Kuliah Remedial,Apa itu kuliah remedial?,Kuliah remedial adalah kegiatan perkuliahan yang diselenggarakan untuk memperbaiki nilai mata kuliah yang belum mencapai standar kelulusan.,Pasal 28 ayat (1)
47,Kuliah Remedial,Jelaskan pengertian kuliah remedial!,Kuliah remedial adalah kegiatan perkuliahan yang diselenggarakan untuk memperbaiki nilai mata kuliah yang belum mencapai standar kelulusan.,Pasal 28 ayat (1)
47,Kuliah Remedial,Kuliah remedial itu maksudnya apa ya?,Kuliah remedial adalah kegiatan perkuliahan yang diselenggarakan untuk memperbaiki nilai mata kuliah yang belum mencapai standar kelulusan.,Pasal 28 ayat (1)
47,Kuliah Remedial,Tujuan dari kuliah remedial itu apa?,Kuliah remedial adalah kegiatan perkuliahan yang diselenggarakan untuk memperbaiki nilai mata kuliah yang belum mencapai standar kelulusan.,Pasal 28 ayat (1)
48,Kuliah Tutorial,Apa itu kuliah tutorial?,Kuliah tutorial adalah kegiatan bimbingan tambahan antara dosen dan mahasiswa untuk memperdalam pemahaman materi kuliah tertentu.,Pasal 28 ayat (2)
48,Kuliah Tutorial,Jelaskan apa yang dimaksud kuliah tutorial!,Kuliah tutorial adalah kegiatan bimbingan tambahan antara dosen dan mahasiswa untuk memperdalam pemahaman materi kuliah tertentu.,Pasal 28 ayat (2)
48,Kuliah Tutorial,Kuliah tutorial itu kegiatan seperti apa?,Kuliah tutorial adalah kegiatan bimbingan tambahan antara dosen dan mahasiswa untuk memperdalam pemahaman materi kuliah tertentu.,Pasal 28 ayat (2)
48,Kuliah Tutorial,Apa perbedaan kuliah tutorial dengan kuliah biasa?,Kuliah tutorial adalah kegiatan bimbingan tambahan antara dosen dan mahasiswa untuk memperdalam pemahaman materi kuliah tertentu.,Pasal 28 ayat (2)
49,Kuliah Remedial,Dalam kondisi apa mahasiswa dapat mengikuti kuliah remedial?,"Mahasiswa dapat mengikuti kuliah remedial jika memperoleh nilai D atau E, atau belum mencapai batas kelulusan minimal sesuai ketentuan program studi.",Pasal 28 ayat (3)
49,Kuliah Remedial,Kapan mahasiswa bisa ikut kuliah remedial?,"Mahasiswa dapat mengikuti kuliah remedial jika memperoleh nilai D atau E, atau belum mencapai batas kelulusan minimal sesuai ketentuan program studi.",Pasal 28 ayat (3)
49,Kuliah Remedial,Nilai berapa yang membuat mahasiswa wajib remedial?,"Mahasiswa dapat mengikuti kuliah remedial jika memperoleh nilai D atau E, atau belum mencapai batas kelulusan minimal sesuai ketentuan program studi.",Pasal 28 ayat (3)
49,Kuliah Remedial,Apakah boleh remedial jika nilai sudah C?,"Mahasiswa dapat mengikuti kuliah remedial jika memperoleh nilai D atau E, atau belum mencapai batas kelulusan minimal sesuai ketentuan program studi.",Pasal 28 ayat (3)
50,Kelas Internasional,Apa itu kelas internasional?,Kelas internasional adalah program perkuliahan yang menggunakan bahasa asing (biasanya bahasa Inggris) dan melibatkan kerja sama dengan universitas luar negeri.,Pasal 29 ayat (1)
50,Kelas Internasional,Jelaskan pengertian kelas internasional di UNIB!,Kelas internasional adalah program perkuliahan yang menggunakan bahasa asing (biasanya bahasa Inggris) dan melibatkan kerja sama dengan universitas luar negeri.,Pasal 29 ayat (1)
50,Kelas Internasional,Kelas internasional itu seperti apa?,Kelas internasional adalah program perkuliahan yang menggunakan bahasa asing (biasanya bahasa Inggris) dan melibatkan kerja sama dengan universitas luar negeri.,Pasal 29 ayat (1)
50,Kelas Internasional,Apa yang membedakan kelas internasional dengan reguler?,Kelas internasional adalah program perkuliahan yang menggunakan bahasa asing (biasanya bahasa Inggris) dan melibatkan kerja sama dengan universitas luar negeri.,Pasal 29 ayat (1)
51,Kelas Internasional,Apa syarat penyelenggaraan kelas internasional?,Kelas internasional dapat diselenggarakan jika program studi memiliki dosen dan sarana pendukung yang memadai serta mendapat izin dari Rektor.,Pasal 29 ayat (2)
51,Kelas Internasional,Syarat agar prodi bisa buka kelas internasional apa aja?,Kelas internasional dapat diselenggarakan jika program studi memiliki dosen dan sarana pendukung yang memadai serta mendapat izin dari Rektor.,Pasal 29 ayat (2)
51,Kelas Internasional,Apa ketentuan untuk membuka kelas internasional di UNIB?,Kelas internasional dapat diselenggarakan jika program studi memiliki dosen dan sarana pendukung yang memadai serta mendapat izin dari Rektor.,Pasal 29 ayat (2)
51,Kelas Internasional,Siapa yang berwenang menetapkan kelas internasional?,Kelas internasional dapat diselenggarakan jika program studi memiliki dosen dan sarana pendukung yang memadai serta mendapat izin dari Rektor.,Pasal 29 ayat (2)
52,Kelas Internasional,Apa yang didapat oleh lulusan kelas internasional?,Lulusan kelas internasional akan memperoleh ijazah dan transkrip akademik dalam dua bahasa (Indonesia dan Inggris).,Pasal 29 ayat (3)
52,Kelas Internasional,Apa keuntungan ikut kelas internasional?,Lulusan kelas internasional akan memperoleh ijazah dan transkrip akademik dalam dua bahasa (Indonesia dan Inggris).,Pasal 29 ayat (3)
52,Kelas Internasional,Lulusan kelas internasional dapat ijazah apa?,Lulusan kelas internasional akan memperoleh ijazah dan transkrip akademik dalam dua bahasa (Indonesia dan Inggris).,Pasal 29 ayat (3)
52,Kelas Internasional,Apakah lulusan kelas internasional dapat sertifikat tambahan?,Lulusan kelas internasional akan memperoleh ijazah dan transkrip akademik dalam dua bahasa (Indonesia dan Inggris).,Pasal 29 ayat (3)
53,Kelas Internasional,Bagaimana kurikulum kelas internasional diatur?,Kurikulum kelas internasional disusun berdasarkan standar nasional pendidikan tinggi dan kesepakatan kerja sama dengan perguruan tinggi mitra luar negeri.,Pasal 29 ayat (4)
53,Kelas Internasional,Apa dasar penyusunan kurikulum kelas internasional?,Kurikulum kelas internasional disusun berdasarkan standar nasional pendidikan tinggi dan kesepakatan kerja sama dengan perguruan tinggi mitra luar negeri.,Pasal 29 ayat (4)
53,Kelas Internasional,Kelas internasional pakai kurikulum dari mana?,Kurikulum kelas internasional disusun berdasarkan standar nasional pendidikan tinggi dan kesepakatan kerja sama dengan perguruan tinggi mitra luar negeri.,Pasal 29 ayat (4)
53,Kelas Internasional,Siapa yang menetapkan kurikulum kelas internasional?,Kurikulum kelas internasional disusun berdasarkan standar nasional pendidikan tinggi dan kesepakatan kerja sama dengan perguruan tinggi mitra luar negeri.,Pasal 29 ayat (4)
54,Penilaian,Bagaimana rentang nilai hasil kuliah dan bobotnya?,"Rentang nilai kuliah terdiri dari A (4.00), B (3.00), C (2.00), D (1.00), dan E (0.00), dengan bobot penilaian sesuai pedoman akademik universitas.",Pasal 30 ayat (1)
54,Penilaian,Sebutkan rentang nilai dan bobot di UNIB!,"Rentang nilai kuliah terdiri dari A (4.00), B (3.00), C (2.00), D (1.00), dan E (0.00), dengan bobot penilaian sesuai pedoman akademik universitas.",Pasal 30 ayat (1)
54,Penilaian,Nilai A sampai E punya bobot berapa?,"Rentang nilai kuliah terdiri dari A (4.00), B (3.00), C (2.00), D (1.00), dan E (0.00), dengan bobot penilaian sesuai pedoman akademik universitas.",Pasal 30 ayat (1)
54,Penilaian,Apa arti nilai D atau E dalam penilaian kuliah?,"Rentang nilai kuliah terdiri dari A (4.00), B (3.00), C (2.00), D (1.00), dan E (0.00), dengan bobot penilaian sesuai pedoman akademik universitas.",Pasal 30 ayat (1)
55,Ujian,Apa syarat kehadiran mahasiswa untuk ikut ujian akhir semester?,Mahasiswa dapat mengikuti ujian akhir semester jika memiliki tingkat kehadiran minimal 75% dari total pertemuan kuliah.,Pasal 32 ayat (2)
55,Ujian,Berapa persen kehadiran agar bisa ikut UAS?,Mahasiswa dapat mengikuti ujian akhir semester jika memiliki tingkat kehadiran minimal 75% dari total pertemuan kuliah.,Pasal 32 ayat (2)
55,Ujian,Kalau absen terlalu banyak apakah bisa ikut ujian?,Mahasiswa dapat mengikuti ujian akhir semester jika memiliki tingkat kehadiran minimal 75% dari total pertemuan kuliah.,Pasal 32 ayat (2)
55,Ujian,Kehadiran minimal untuk UAS berapa kali?,Mahasiswa dapat mengikuti ujian akhir semester jika memiliki tingkat kehadiran minimal 75% dari total pertemuan kuliah.,Pasal 32 ayat (2)
56,Ujian,Apa syarat kehadiran dosen untuk dapat melaksanakan ujian akhir semester?,Dosen dapat menyelenggarakan ujian akhir semester jika telah melaksanakan minimal 12 kali tatap muka dalam satu semester.,Pasal 32 ayat (3)
56,Ujian,Dosen harus berapa kali mengajar untuk bisa ujian akhir?,Dosen dapat menyelenggarakan ujian akhir semester jika telah melaksanakan minimal 12 kali tatap muka dalam satu semester.,Pasal 32 ayat (3)
56,Ujian,Kapan dosen boleh menyelenggarakan UAS?,Dosen dapat menyelenggarakan ujian akhir semester jika telah melaksanakan minimal 12 kali tatap muka dalam satu semester.,Pasal 32 ayat (3)
56,Ujian,Syarat pelaksanaan UAS dari sisi dosen apa aja?,Dosen dapat menyelenggarakan ujian akhir semester jika telah melaksanakan minimal 12 kali tatap muka dalam satu semester.,Pasal 32 ayat (3)
57,Nilai,Batas kelulusan mata kuliah berapa?,Mahasiswa dinyatakan lulus mata kuliah jika memperoleh nilai minimal C (setara dengan bobot 2.00).,Pasal 33
57,Nilai,Nilai minimal untuk lulus mata kuliah berapa?,Mahasiswa dinyatakan lulus mata kuliah jika memperoleh nilai minimal C (setara dengan bobot 2.00).,Pasal 33
57,Nilai,Lulus mata kuliah itu minimal dapat nilai apa?,Mahasiswa dinyatakan lulus mata kuliah jika memperoleh nilai minimal C (setara dengan bobot 2.00).,Pasal 33
57,Nilai,Nilai D termasuk lulus atau tidak?,Mahasiswa dinyatakan lulus mata kuliah jika memperoleh nilai minimal C (setara dengan bobot 2.00).,Pasal 33
58,Ujian Susulan,Apa syarat untuk mengikuti ujian susulan?,Ujian susulan dapat diberikan kepada mahasiswa yang berhalangan hadir karena alasan yang sah dan disertai bukti tertulis.,Pasal 34
58,Ujian Susulan,Kapan mahasiswa boleh ikut ujian susulan?,Ujian susulan dapat diberikan kepada mahasiswa yang berhalangan hadir karena alasan yang sah dan disertai bukti tertulis.,Pasal 34
58,Ujian Susulan,Alasan apa yang dibolehkan untuk ikut ujian susulan?,Ujian susulan dapat diberikan kepada mahasiswa yang berhalangan hadir karena alasan yang sah dan disertai bukti tertulis.,Pasal 34
58,Ujian Susulan,Apakah bisa ikut ujian susulan tanpa surat izin?,Ujian susulan dapat diberikan kepada mahasiswa yang berhalangan hadir karena alasan yang sah dan disertai bukti tertulis.,Pasal 34
59,Nilai,Bagaimana cara memperbaiki nilai mata kuliah?,Mahasiswa dapat memperbaiki nilai dengan mengikuti KAS atau kuliah remedial pada semester berikutnya.,Pasal 35
59,Nilai,"Kalau nilai jelek, gimana cara memperbaikinya?",Mahasiswa dapat memperbaiki nilai dengan mengikuti KAS atau kuliah remedial pada semester berikutnya.,Pasal 35
59,Nilai,Boleh nggak memperbaiki nilai lewat KAS?,Mahasiswa dapat memperbaiki nilai dengan mengikuti KAS atau kuliah remedial pada semester berikutnya.,Pasal 35
59,Nilai,Bagaimana prosedur perbaikan nilai kuliah di UNIB?,Mahasiswa dapat memperbaiki nilai dengan mengikuti KAS atau kuliah remedial pada semester berikutnya.,Pasal 35
60,Nilai,Nilai mana yang diakui antara nilai lama dan nilai perbaikan?,Nilai terbaik antara nilai lama dan nilai perbaikan akan digunakan sebagai nilai akhir mahasiswa.,Pasal 35 ayat (3)
60,Nilai,"Kalau sudah remedial, nilai mana yang dipakai?",Nilai terbaik antara nilai lama dan nilai perbaikan akan digunakan sebagai nilai akhir mahasiswa.,Pasal 35 ayat (3)
60,Nilai,"Nilai lama dan nilai perbaikan, mana yang berlaku?",Nilai terbaik antara nilai lama dan nilai perbaikan akan digunakan sebagai nilai akhir mahasiswa.,Pasal 35 ayat (3)
60,Nilai,Hasil nilai perbaikan menggantikan nilai lama nggak?,Nilai terbaik antara nilai lama dan nilai perbaikan akan digunakan sebagai nilai akhir mahasiswa.,Pasal 35 ayat (3)
61,KKN,Apa itu KKN (Kuliah Kerja Nyata)?,KKN adalah kegiatan akademik berbasis pengabdian masyarakat yang wajib diikuti oleh mahasiswa setelah memenuhi ketentuan jumlah SKS tertentu.,Pasal 49 ayat (1)
61,KKN,Jelaskan pengertian KKN!,KKN adalah kegiatan akademik berbasis pengabdian masyarakat yang wajib diikuti oleh mahasiswa setelah memenuhi ketentuan jumlah SKS tertentu.,Pasal 49 ayat (1)
61,KKN,KKN itu kegiatan seperti apa ya?,KKN adalah kegiatan akademik berbasis pengabdian masyarakat yang wajib diikuti oleh mahasiswa setelah memenuhi ketentuan jumlah SKS tertentu.,Pasal 49 ayat (1)
61,KKN,Apa tujuan diadakannya KKN di UNIB?,KKN adalah kegiatan akademik berbasis pengabdian masyarakat yang wajib diikuti oleh mahasiswa setelah memenuhi ketentuan jumlah SKS tertentu.,Pasal 49 ayat (1)
62,KKN,Apa syarat untuk bisa mengikuti KKN?,"Mahasiswa dapat mengikuti KKN setelah menempuh minimal 100 SKS, memiliki IPK minimal 2,00, dan memenuhi ketentuan administrasi universitas.",Pasal 49 ayat (2)
62,KKN,Syarat ikut KKN apa aja?,"Mahasiswa dapat mengikuti KKN setelah menempuh minimal 100 SKS, memiliki IPK minimal 2,00, dan memenuhi ketentuan administrasi universitas.",Pasal 49 ayat (2)
62,KKN,Mahasiswa boleh KKN kalau sudah berapa SKS?,"Mahasiswa dapat mengikuti KKN setelah menempuh minimal 100 SKS, memiliki IPK minimal 2,00, dan memenuhi ketentuan administrasi universitas.",Pasal 49 ayat (2)
62,KKN,Apa ketentuan akademik sebelum bisa ikut KKN?,"Mahasiswa dapat mengikuti KKN setelah menempuh minimal 100 SKS, memiliki IPK minimal 2,00, dan memenuhi ketentuan administrasi universitas.",Pasal 49 ayat (2)
63,KKN,Apa jenis-jenis KKN dan apa syaratnya?,"Terdapat dua jenis KKN: KKN Tematik Kontekstual, dengan syarat IPK minimal 3,00 dan telah menempuh 100 SKS; serta KKN Internasional, dengan syarat IPK minimal 3,00, 100 SKS, dan TOEFL ≥ 450.",Pedoman KKN LPPM UNIB & Pasal 49
63,KKN,Jelaskan perbedaan KKN Tematik dan KKN Internasional!,"Terdapat dua jenis KKN: KKN Tematik Kontekstual, dengan syarat IPK minimal 3,00 dan telah menempuh 100 SKS; serta KKN Internasional, dengan syarat IPK minimal 3,00, 100 SKS, dan TOEFL ≥ 450.",Pedoman KKN LPPM UNIB & Pasal 49
63,KKN,Apa saja syarat untuk KKN Tematik dan KKN Internasional?,"Terdapat dua jenis KKN: KKN Tematik Kontekstual, dengan syarat IPK minimal 3,00 dan telah menempuh 100 SKS; serta KKN Internasional, dengan syarat IPK minimal 3,00, 100 SKS, dan TOEFL ≥ 450.",Pedoman KKN LPPM UNIB & Pasal 49
63,KKN,Bedanya KKN Tematik dan Internasional itu apa ya?,"Terdapat dua jenis KKN: KKN Tematik Kontekstual, dengan syarat IPK minimal 3,00 dan telah menempuh 100 SKS; serta KKN Internasional, dengan syarat IPK minimal 3,00, 100 SKS, dan TOEFL ≥ 450.",Pedoman KKN LPPM UNIB & Pasal 49
64,KKN,Apa itu penyetaraan KKN dan apa syaratnya?,"Penyetaraan KKN adalah pengakuan kegiatan setara KKN seperti program MBKM, dengan syarat memenuhi durasi, capaian pembelajaran, dan bukti pelaksanaan yang sah.",Pasal 49 ayat (5)
64,KKN,Jelaskan apa itu penyetaraan KKN!,"Penyetaraan KKN adalah pengakuan kegiatan setara KKN seperti program MBKM, dengan syarat memenuhi durasi, capaian pembelajaran, dan bukti pelaksanaan yang sah.",Pasal 49 ayat (5)
64,KKN,Program apa saja yang bisa disetarakan dengan KKN?,"Penyetaraan KKN adalah pengakuan kegiatan setara KKN seperti program MBKM, dengan syarat memenuhi durasi, capaian pembelajaran, dan bukti pelaksanaan yang sah.",Pasal 49 ayat (5)
64,KKN,Syarat agar kegiatan bisa disetarakan dengan KKN apa aja?,"Penyetaraan KKN adalah pengakuan kegiatan setara KKN seperti program MBKM, dengan syarat memenuhi durasi, capaian pembelajaran, dan bukti pelaksanaan yang sah.",Pasal 49 ayat (5)
65,KKN,Kuliah apa yang bisa disetarakan dengan KKN?,"Kegiatan seperti magang, proyek desa, pengabdian berbasis riset, atau kegiatan MBKM tertentu dapat disetarakan dengan KKN jika memenuhi ketentuan universitas.",Pasal 49 ayat (6)
65,KKN,Kegiatan MBKM apa yang bisa menggantikan KKN?,"Kegiatan seperti magang, proyek desa, pengabdian berbasis riset, atau kegiatan MBKM tertentu dapat disetarakan dengan KKN jika memenuhi ketentuan universitas.",Pasal 49 ayat (6)
65,KKN,Apakah magang bisa disetarakan dengan KKN?,"Kegiatan seperti magang, proyek desa, pengabdian berbasis riset, atau kegiatan MBKM tertentu dapat disetarakan dengan KKN jika memenuhi ketentuan universitas.",Pasal 49 ayat (6)
65,KKN,Contoh kegiatan pengganti KKN apa aja?,"Kegiatan seperti magang, proyek desa, pengabdian berbasis riset, atau kegiatan MBKM tertentu dapat disetarakan dengan KKN jika memenuhi ketentuan universitas.",Pasal 49 ayat (6)
66,LTA,Apa syarat untuk mengambil Laporan Tugas Akhir (LTA)?,Mahasiswa program vokasi dapat mengambil LTA jika telah menempuh minimal 100 SKS dan memenuhi ketentuan akademik program studi.,Pasal 50 ayat (2)
66,LTA,Syarat LTA untuk mahasiswa vokasi apa aja?,Mahasiswa program vokasi dapat mengambil LTA jika telah menempuh minimal 100 SKS dan memenuhi ketentuan akademik program studi.,Pasal 50 ayat (2)
66,LTA,Kapan mahasiswa boleh ambil LTA?,Mahasiswa program vokasi dapat mengambil LTA jika telah menempuh minimal 100 SKS dan memenuhi ketentuan akademik program studi.,Pasal 50 ayat (2)
66,LTA,Berapa SKS minimal untuk bisa ambil tugas akhir D3/D4?,Mahasiswa program vokasi dapat mengambil LTA jika telah menempuh minimal 100 SKS dan memenuhi ketentuan akademik program studi.,Pasal 50 ayat (2)
67,Skripsi,Apa syarat untuk mengambil skripsi?,"Mahasiswa sarjana dapat mengambil skripsi setelah menempuh minimal 120 SKS dan memiliki IPK minimal 2,00.",Pasal 50 ayat (3)
67,Skripsi,Syarat mengambil skripsi apa aja?,"Mahasiswa sarjana dapat mengambil skripsi setelah menempuh minimal 120 SKS dan memiliki IPK minimal 2,00.",Pasal 50 ayat (3)
67,Skripsi,Mahasiswa boleh ambil skripsi setelah berapa SKS?,"Mahasiswa sarjana dapat mengambil skripsi setelah menempuh minimal 120 SKS dan memiliki IPK minimal 2,00.",Pasal 50 ayat (3)
67,Skripsi,Berapa IPK minimal untuk bisa ambil skripsi?,` "Mahasiswa sarjana dapat mengambil skripsi setelah menempuh minimal 120 SKS dan memiliki IPK minimal 2,00.",Pasal 50 ayat (3)
68,Skripsi,Berapa jumlah pembimbing skripsi mahasiswa?,"Mahasiswa dibimbing oleh dua orang dosen pembimbing, yaitu pembimbing utama dan pembimbing pendamping.",Pasal 50 ayat (4)
68,Skripsi,Mahasiswa punya berapa pembimbing skripsi?,"Mahasiswa dibimbing oleh dua orang dosen pembimbing, yaitu pembimbing utama dan pembimbing pendamping.",Pasal 50 ayat (4)
68,Skripsi,Siapa saja yang membimbing skripsi mahasiswa?,"Mahasiswa dibimbing oleh dua orang dosen pembimbing, yaitu pembimbing utama dan pembimbing pendamping.",Pasal 50 ayat (4)
68,Skripsi,Apakah skripsi dibimbing lebih dari satu dosen?,"Mahasiswa dibimbing oleh dua orang dosen pembimbing, yaitu pembimbing utama dan pembimbing pendamping.",Pasal 50 ayat (4)
69,Skripsi,Apa syarat seminar atau ujian proposal skripsi?,Mahasiswa dapat mengikuti seminar atau ujian proposal jika telah menyelesaikan minimal 120 SKS dan mendapat persetujuan dari dosen pembimbing.,Pasal 51 ayat (1)
69,Skripsi,Syarat untuk seminar proposal apa aja?,Mahasiswa dapat mengikuti seminar atau ujian proposal jika telah menyelesaikan minimal 120 SKS dan mendapat persetujuan dari dosen pembimbing.,Pasal 51 ayat (1)
69,Skripsi,Kapan mahasiswa bisa ikut ujian proposal?,Mahasiswa dapat mengikuti seminar atau ujian proposal jika telah menyelesaikan minimal 120 SKS dan mendapat persetujuan dari dosen pembimbing.,Pasal 51 ayat (1)
69,Skripsi,Apakah harus izin pembimbing sebelum seminar proposal?,Mahasiswa dapat mengikuti seminar atau ujian proposal jika telah menyelesaikan minimal 120 SKS dan mendapat persetujuan dari dosen pembimbing.,Pasal 51 ayat (1)
70,Skripsi,Bagaimana pelaksanaan skripsi di UNIB?,Skripsi dilaksanakan sesuai pedoman akademik fakultas dengan bimbingan dosen pembimbing dan hasilnya dipresentasikan dalam ujian skripsi.,Pasal 51 ayat (3)
70,Skripsi,Proses pelaksanaan skripsi seperti apa?,Skripsi dilaksanakan sesuai pedoman akademik fakultas dengan bimbingan dosen pembimbing dan hasilnya dipresentasikan dalam ujian skripsi.,Pasal 51 ayat (3)
70,Skripsi,Bagaimana prosedur penyusunan skripsi?,Skripsi dilaksanakan sesuai pedoman akademik fakultas dengan bimbingan dosen pembimbing dan hasilnya dipresentasikan dalam ujian skripsi.,Pasal 51 ayat (3)
70,Skripsi,Siapa yang menilai hasil skripsi mahasiswa?,Skripsi dilaksanakan sesuai pedoman akademik fakultas dengan bimbingan dosen pembimbing dan hasilnya dipresentasikan dalam ujian skripsi.,Pasal 51 ayat (3)
71,Skripsi,Berapa nilai minimal untuk lulus skripsi?,"Mahasiswa dinyatakan lulus skripsi jika memperoleh nilai minimal C (2,00).",Pasal 52 ayat (2)
71,Skripsi,Nilai minimal lulus skripsi berapa?,"Mahasiswa dinyatakan lulus skripsi jika memperoleh nilai minimal C (2,00).",Pasal 52 ayat (2)
71,Skripsi,"Kalau dapat nilai D di skripsi, lulus nggak?","Mahasiswa dinyatakan lulus skripsi jika memperoleh nilai minimal C (2,00).",Pasal 52 ayat (2)
71,Skripsi,Standar kelulusan skripsi itu apa?,"Mahasiswa dinyatakan lulus skripsi jika memperoleh nilai minimal C (2,00).",Pasal 52 ayat (2)
72,Ujian Skripsi,Bagaimana penyelenggaraan ujian skripsi?,"Ujian skripsi dilaksanakan di hadapan tim penguji yang ditetapkan oleh dekan, terdiri atas dosen pembimbing dan penguji lain.",Pasal 52 ayat (1)
72,Ujian Skripsi,Siapa saja penguji dalam ujian skripsi?,"Ujian skripsi dilaksanakan di hadapan tim penguji yang ditetapkan oleh dekan, terdiri atas dosen pembimbing dan penguji lain.",Pasal 52 ayat (1)
72,Ujian Skripsi,Bagaimana pelaksanaan sidang skripsi di UNIB?,"Ujian skripsi dilaksanakan di hadapan tim penguji yang ditetapkan oleh dekan, terdiri atas dosen pembimbing dan penguji lain.",Pasal 52 ayat (1)
72,Ujian Skripsi,Apakah dosen pembimbing ikut menguji skripsi mahasiswa?,"Ujian skripsi dilaksanakan di hadapan tim penguji yang ditetapkan oleh dekan, terdiri atas dosen pembimbing dan penguji lain.",Pasal 52 ayat (1)
73,Penguji,Apa syarat dosen penguji skripsi?,Dosen penguji skripsi harus memiliki jabatan akademik minimal Lektor dan berasal dari bidang keilmuan yang relevan dengan topik penelitian mahasiswa.,Pasal 52 ayat (3)
73,Penguji,Siapa yang bisa jadi penguji skripsi?,Dosen penguji skripsi harus memiliki jabatan akademik minimal Lektor dan berasal dari bidang keilmuan yang relevan dengan topik penelitian mahasiswa.,Pasal 52 ayat (3)
73,Penguji,Kualifikasi dosen penguji skripsi seperti apa?,Dosen penguji skripsi harus memiliki jabatan akademik minimal Lektor dan berasal dari bidang keilmuan yang relevan dengan topik penelitian mahasiswa.,Pasal 52 ayat (3)
73,Penguji,Apakah pembimbing boleh juga jadi penguji skripsi?,Dosen penguji skripsi harus memiliki jabatan akademik minimal Lektor dan berasal dari bidang keilmuan yang relevan dengan topik penelitian mahasiswa.,Pasal 52 ayat (3)
74,Kelulusan,Apa syarat untuk lulus program sarjana?,"Mahasiswa lulus program sarjana jika telah menyelesaikan seluruh mata kuliah, skripsi, dan memperoleh IPK minimal 2,00.",Pasal 53
74,Kelulusan,Kapan mahasiswa dinyatakan lulus sarjana?,"Mahasiswa lulus program sarjana jika telah menyelesaikan seluruh mata kuliah, skripsi, dan memperoleh IPK minimal 2,00.",Pasal 53
74,Kelulusan,Apa kriteria kelulusan mahasiswa S1 di UNIB?,"Mahasiswa lulus program sarjana jika telah menyelesaikan seluruh mata kuliah, skripsi, dan memperoleh IPK minimal 2,00.",Pasal 53
74,Kelulusan,Mahasiswa dinyatakan lulus kalau sudah apa aja?,"Mahasiswa lulus program sarjana jika telah menyelesaikan seluruh mata kuliah, skripsi, dan memperoleh IPK minimal 2,00.",Pasal 53
77,Predikat Cumlaude,Apa syarat mendapatkan predikat pujian (cumlaude)?,"Mahasiswa memperoleh predikat pujian jika IPK ≥ 3,51, masa studi tidak lebih dari 8 semester, dan tidak pernah mengulang mata kuliah.",Pasal 55 ayat (2)
77,Predikat Cumlaude,Apa ketentuan IPK untuk cumlaude?,"Mahasiswa memperoleh predikat pujian jika IPK ≥ 3,51, masa studi tidak lebih dari 8 semester, dan tidak pernah mengulang mata kuliah.",Pasal 55 ayat (2)
77,Predikat Cumlaude,Syarat cumlaude bagi mahasiswa UNIB apa aja?,"Mahasiswa memperoleh predikat pujian jika IPK ≥ 3,51, masa studi tidak lebih dari 8 semester, dan tidak pernah mengulang mata kuliah.",Pasal 55 ayat (2)
77,Predikat Cumlaude,Bisakah dapat cumlaude kalau pernah remedial?,"Mahasiswa memperoleh predikat pujian jika IPK ≥ 3,51, masa studi tidak lebih dari 8 semester, dan tidak pernah mengulang mata kuliah.",Pasal 55 ayat (2)
78,Transkrip Akademik,Apa itu transkrip akademik?,Transkrip akademik adalah dokumen yang memuat seluruh nilai mata kuliah yang telah ditempuh mahasiswa selama studi.,Pasal 1 ayat (13)
78,Transkrip Akademik,Jelaskan isi dari transkrip akademik!,Transkrip akademik adalah dokumen yang memuat seluruh nilai mata kuliah yang telah ditempuh mahasiswa selama studi.,Pasal 1 ayat (13)
78,Transkrip Akademik,Apa fungsi transkrip akademik bagi lulusan?,Transkrip akademik adalah dokumen yang memuat seluruh nilai mata kuliah yang telah ditempuh mahasiswa selama studi.,Pasal 1 ayat (13)
78,Transkrip Akademik,Kapan mahasiswa mendapatkan transkrip akademik?,Transkrip akademik adalah dokumen yang memuat seluruh nilai mata kuliah yang telah ditempuh mahasiswa selama studi.,Pasal 1 ayat (13)
79,Wisuda,Apa itu wisuda?,Wisuda adalah upacara akademik sebagai tanda pengukuhan kelulusan mahasiswa dari universitas setelah dinyatakan lulus melalui yudisium.,Pasal 56
79,Wisuda,Jelaskan pengertian wisuda!,Wisuda adalah upacara akademik sebagai tanda pengukuhan kelulusan mahasiswa dari universitas setelah dinyatakan lulus melalui yudisium.,Pasal 56
79,Wisuda,Wisuda itu maksudnya apa ya?,Wisuda adalah upacara akademik sebagai tanda pengukuhan kelulusan mahasiswa dari universitas setelah dinyatakan lulus melalui yudisium.,Pasal 56
79,Wisuda,Apa makna acara wisuda bagi mahasiswa?,Wisuda adalah upacara akademik sebagai tanda pengukuhan kelulusan mahasiswa dari universitas setelah dinyatakan lulus melalui yudisium.,Pasal 56
80,Wisuda,Bagaimana prosedur pendaftaran wisuda?,"Pendaftaran wisuda dilakukan oleh mahasiswa yang telah lulus yudisium, melalui sistem administrasi akademik dengan menyerahkan dokumen kelulusan.",Pasal 56 ayat (2)
80,Wisuda,Cara daftar wisuda di UNIB gimana?,"Pendaftaran wisuda dilakukan oleh mahasiswa yang telah lulus yudisium, melalui sistem administrasi akademik dengan menyerahkan dokumen kelulusan.",Pasal 56 ayat (2)
80,Wisuda,Kapan waktu pendaftaran wisuda dibuka?,"Pendaftaran wisuda dilakukan oleh mahasiswa yang telah lulus yudisium, melalui sistem administrasi akademik dengan menyerahkan dokumen kelulusan.",Pasal 56 ayat (2)
80,Wisuda,Apa syarat administrasi untuk ikut wisuda?,"Pendaftaran wisuda dilakukan oleh mahasiswa yang telah lulus yudisium, melalui sistem administrasi akademik dengan menyerahkan dokumen kelulusan.",Pasal 56 ayat (2)
81,Masa Studi,Berapa batas maksimal waktu menyelesaikan program sarjana?,Batas maksimal masa studi program sarjana adalah 14 semester.,Pasal 10 ayat (5)
81,Masa Studi,Lama maksimal kuliah S1 di UNIB berapa semester?,Batas maksimal masa studi program sarjana adalah 14 semester.,Pasal 10 ayat (5)
81,Masa Studi,"Kalau kuliah lebih dari 14 semester, bagaimana statusnya?",Batas maksimal masa studi program sarjana adalah 14 semester.,Pasal 10 ayat (5)
81,Masa Studi,Berapa tahun maksimal untuk menyelesaikan kuliah sarjana?,Batas maksimal masa studi program sarjana adalah 14 semester.,Pasal 10 ayat (5)
82,KKN Tematik,Apa itu KKN Tematik dan apa syaratnya?,"KKN Tematik adalah kegiatan pengabdian dengan tema khusus seperti pendidikan, lingkungan, atau pemberdayaan masyarakat. Syaratnya: IPK ≥ 3,00 dan telah menempuh 100 SKS.",Pedoman KKN LPPM UNIB
82,KKN Tematik,Jelaskan pengertian dan syarat KKN Tematik!,"KKN Tematik adalah kegiatan pengabdian dengan tema khusus seperti pendidikan, lingkungan, atau pemberdayaan masyarakat. Syaratnya: IPK ≥ 3,00 dan telah menempuh 100 SKS.",Pedoman KKN LPPM UNIB
82,KKN Tematik,Mahasiswa bisa ikut KKN Tematik kalau sudah apa aja?,"KKN Tematik adalah kegiatan pengabdian dengan tema khusus seperti pendidikan, lingkungan, atau pemberdayaan masyarakat. Syaratnya: IPK ≥ 3,00 dan telah menempuh 100 SKS.",Pedoman KKN LPPM UNIB
82,KKN Tematik,KKN Tematik itu program seperti apa?,"KKN Tematik adalah kegiatan pengabdian dengan tema khusus seperti pendidikan, lingkungan, atau pemberdayaan masyarakat. Syaratnya: IPK ≥ 3,00 dan telah menempuh 100 SKS.",Pedoman KKN LPPM UNIB
83,KKN Internasional,Apa itu KKN Internasional dan apa syaratnya?,"KKN Internasional adalah kegiatan pengabdian masyarakat yang dilakukan di luar negeri. Syaratnya: IPK ≥ 3,00, minimal 100 SKS, dan TOEFL ≥ 450.",Pedoman KKN LPPM UNIB
83,KKN Internasional,Jelaskan pengertian KKN Internasional!,"KKN Internasional adalah kegiatan pengabdian masyarakat yang dilakukan di luar negeri. Syaratnya: IPK ≥ 3,00, minimal 100 SKS, dan TOEFL ≥ 450.",Pedoman KKN LPPM UNIB
83,KKN Internasional,Apa saja syarat mengikuti KKN Internasional?,"KKN Internasional adalah kegiatan pengabdian masyarakat yang dilakukan di luar negeri. Syaratnya: IPK ≥ 3,00, minimal 100 SKS, dan TOEFL ≥ 450.",Pedoman KKN LPPM UNIB
83,KKN Internasional,Bagaimana cara ikut KKN Internasional di UNIB?,"KKN Internasional adalah kegiatan pengabdian masyarakat yang dilakukan di luar negeri. Syaratnya: IPK ≥ 3,00, minimal 100 SKS, dan TOEFL ≥ 450.",Pedoman KKN LPPM UNIB